{
  "train_loss": [
    0.6439432558588317,
    0.3373942288463233,
    0.20713119999673524,
    0.12797806966194852,
    0.08963843844220286,
    0.07070329356327897,
    0.06066150641160422,
    0.05448688324693529,
    0.04992397272287578,
    0.04614199115513045,
    0.042497575901387655,
    0.03961482337966073,
    0.03655577805198607,
    0.03354667271411077,
    0.03078952677868551
  ],
  "train_ate_loss": [
    0.5071659071340424,
    0.1747534815222025,
    0.14850174061587598,
    0.13708224990328804,
    0.12748134658351296,
    0.11812057007165229,
    0.11295498883137937,
    0.10818008344131903,
    0.10491332492684244,
    0.10295680244682265,
    0.10095449556886661,
    0.10048479366986478,
    0.09947900132077639,
    0.0984233246932997,
    0.09803691816317742
  ],
  "train_asc_loss": [
    0.9348948840357241,
    0.6546058176299099,
    0.30828536236200665,
    0.11335032205879841,
    0.03742657869147255,
    0.0120131339967362,
    0.002514033320367758,
    0.0008001292439463422,
    0.0005318591896210535,
    0.000268131729753208,
    0.0001878301892866446,
    0.0001494312173906751,
    0.00012305159700123322,
    0.00010209101236755412,
    8.644160116687761e-05
  ],
  "val_loss": [
    0.45673832992712654,
    0.3121072620153427,
    0.3628110984961192,
    0.5526548450191816,
    0.5142222161094347,
    0.5372377296288808,
    0.6443669314185778,
    0.6829456369082133,
    0.7515408260126909,
    0.7711263567209243,
    0.8128379645446936,
    0.8455839306116104,
    0.8929261669516564,
    0.9248647786676883,
    0.9535545190175374
  ],
  "val_ate_loss": [
    0.20846356749534606,
    0.16476399799187977,
    0.14985204339027405,
    0.144131600856781,
    0.14184930076201757,
    0.14264187862475713,
    0.1447743907570839,
    0.14552983691294988,
    0.14335468759139378,
    0.1502680574854215,
    0.15134968509276708,
    0.1547823925813039,
    0.1558401271700859,
    0.15959676106770834,
    0.1607358415921529
  ],
  "val_asc_loss": [
    0.968488355477651,
    0.5817732617259026,
    0.7102706097066402,
    1.1486969528719784,
    1.001171373327573,
    1.000458923385789,
    1.1713343719641367,
    1.1924437728555253,
    1.2696252342934409,
    1.2459003447244565,
    1.2662176100537181,
    1.2689784355461597,
    1.2956639503439267,
    1.2961334061498444,
    1.2933339435607194
  ],
  "val_ate_f1": [
    0.07058823529411765,
    0.3664772727272727,
    0.4031620553359684,
    0.3914285714285714,
    0.4565499351491569,
    0.4355231143552311,
    0.4799999999999999,
    0.4592220828105395,
    0.4669163545568039,
    0.46786632390745503,
    0.4674329501915709,
    0.47466007416563655,
    0.4684014869888476,
    0.48166259168704156,
    0.47487437185929654
  ],
  "val_asc_accuracy": [
    0.2875,
    0.6333333333333333,
    0.7604166666666666,
    0.7958333333333333,
    0.7708333333333334,
    0.8,
    0.7833333333333333,
    0.80625,
    0.7958333333333333,
    0.79375,
    0.7979166666666667,
    0.80625,
    0.7958333333333333,
    0.7979166666666667,
    0.8020833333333334
  ],
  "val_asc_f1": [
    0.21148095403414552,
    0.5242934176061402,
    0.6269713246026559,
    0.6640015696277038,
    0.6289404618517088,
    0.640542003042003,
    0.6156621435724048,
    0.6518245819567626,
    0.61247245789012,
    0.6135957883490779,
    0.6397135696383817,
    0.6458930560791853,
    0.6152438301981701,
    0.6166122150614632,
    0.6199111043216478
  ],
  "learning_rate": [
    1.3333333333333333e-05,
    1.925925925925926e-05,
    1.7777777777777777e-05,
    1.6296296296296297e-05,
    1.4814814814814815e-05,
    1.3333333333333333e-05,
    1.1851851851851852e-05,
    1.037037037037037e-05,
    8.888888888888888e-06,
    7.4074074074074075e-06,
    5.925925925925926e-06,
    4.444444444444444e-06,
    2.962962962962963e-06,
    1.4814814814814815e-06,
    0.0
  ],
  "alpha": [
    0.6733333333333333,
    0.6466666666666666,
    0.62,
    0.5933333333333333,
    0.5666666666666667,
    0.5399999999999999,
    0.5133333333333333,
    0.48666666666666664,
    0.45999999999999996,
    0.43333333333333335,
    0.4066666666666667,
    0.37999999999999995,
    0.35333333333333333,
    0.32666666666666666,
    0.3
  ]
}